Workbook

Sheet Stream data
A1: Stream ID -> | B1: C1 | C1: C2 | D1: C3 | E1: C4 | F1: C5 | G1: C6
A2: Pressure (bar) | B2: 1 | C2: 2.4 | D2: 5.8 | E2: 13.8 | F2: 33.2 | G2: 80
A3: Density (kg/m3) | B3: 1.87 | C3: 4.5 | D3: 10.77 | E3: 18.58 | F3: 60
A4: Temperature (K) | B4: =273+31 -> 304 | C4: 304 | D4: 304 | E4: 304 | F4: 304
A5: Unit consumption in compressor for this input (MWh/t) | B5: =B4*8.26/10000 -> 0.251104 | C5: =C4*8.26/10000 -> 0.251104 | D5: =D4*8.26/10000 -> 0.251104 | E5: =E4*8.26/10000 -> 0.251104 | F5: =F4*8.26/10000 -> 0.251104
A13: Size of power generator (MWh) | B13: 50
A14: CO2 emissions per kWh (lbs) | B14: 0.86
A15: Input flowrate (t/h) every 2 hours | B15: 40
A16: No. of hours between output | B16: 12
A18: Discount rate | B18: 0.1
A19: Life span (yrs) | B19: 20
A21: big-M | B21: 10000

Sheet Design parameters
B1: # materials | C1: # processes | D1: Min. size for tank 1 (tonnes) | E1: Max. size for tank 1 (tonnes) | F1: Min. size for tank 2 (tonnes) | G1: Max. size for tank 2 (tonnes) | H1: Min. size for tank 3 (tonnes) | I1: Max. size for tank 3 (tonnes) | L1: Min. size for compressor 1 (t/h) | M1: Max. size for compressor 1 (t/h) | N1: Min. size for compressor 2 (t/h) | O1: Max. size for compressor 2 (t/h)
B2: 3 | C2: 2 | D2: 0 | E2: 40 | F2: 0 | G2: 40 | H2: ='Stream data'!B21 -> 10000 | I2: ='Stream data'!B21 -> 10000 | L2: 20 | M2: 50 | N2: 20 | O2: 50
D12: Adjusted fixed cost for tank 1 ($) | E12: Adjusted unit cost for tank 1 ($/t) | F12: Adjusted fixed cost for tank 2 ($) | G12: Adjusted unit cost for tank 2 ($/t) | H12: Adjusted fixed cost for tank 3 ($) | I12: Adjusted unit cost for tank 3 ($/t) | L12: Adjusted fixed cost for compressor 1 ($) | M12: Adjusted unit cost for compressor 1 ($/t) | N12: Adjusted fixed cost for compressor 2 ($) | O12: Adjusted unit cost for compressor 2 ($/t)
D13: =Calculations!B37*'Stream data'!B18/(1-1/(1+'Stream data'!B18)^'Stream data'!B19) -> 0 | E13: =Calculations!C37*'Stream data'!B18/(1-1/(1+'Stream data'!B18)^'Stream data'!B19) -> 30175.379 | F13: =Calculations!D37*'Stream data'!B18/(1-1/(1+'Stream data'!B18)^'Stream data'!B19) -> 0 | G13: =Calculations!E37*'Stream data'!B18/(1-1/(1+'Stream data'!B18)^'Stream data'!B19) -> 18026.655 | H13: 0 | I13: 0 | L13: =Calculations!J37*1000000*'Stream data'!B18/(1-1/(1+'Stream data'!B18)^'Stream data'!B19) -> 440974.47 | M13: =Calculations!K37*1000000*'Stream data'!B18/(1-1/(1+'Stream data'!B18)^'Stream data'!B19) -> 47571.156 | N13: =Calculations!L37*1000000*'Stream data'!B18/(1-1/(1+'Stream data'!B18)^'Stream data'!B19) -> 1282329.5 | O13: =Calculations!M37*1000000*'Stream data'!B18/(1-1/(1+'Stream data'!B18)^'Stream data'!B19) -> 138334.31

Sheet Scheduling parameters
B1: Fixed electricity consumption for compressor 1 (MWh) | C1: Variable electricity consumption for compressor 1 (MWh/t) | D1: Fixed electricity consumption for compressor 2 (MWh) | E1: Variable electricity consumption for compressor 2 (MWh/t)
B2: 0 | C2: =Calculations!K4 -> 0.251104 | D2: 0 | E2: =Calculations!M4 -> 1.004416
B12: Initial inventory for tank 1 (tonnes) | C12: Initial inventory for tank 2 (tonnes) | D12: Initial inventory for tank 3 (tonnes)
B13: 0 | C13: 0 | D13: 0

Sheet Calculations
A1: Design calculations
A3: Combination | B3: Min. volume of tank 1 (*1000 m3) | C3: Max. volume of tank 1 (*1000 m3) | D3: Min. volume of tank 2 (*1000 m3) | E3: Max. volume of tank 2 (*1000 m3) | F3: Min. volume of tank 3 (*1000 m3) | G3: Max. volume of tank 3 (*1000 m3) | K3: Electricity consumption (MWh/t) | M3: Electricity consumption (MWh/t)
B4: ='Design parameters'!D2/'Stream data'!B3 -> 0 | C4: ='Design parameters'!E2/'Stream data'!B3 -> 21.390374 | D4: ='Design parameters'!F2/'Stream data'!C3 -> 0 | E4: ='Design parameters'!G2/'Stream data'!C3 -> 8.8888889 | K4: ='Stream data'!B5 -> 0.251104 | M4: ='Stream data'!C5+'Stream data'!D5+'Stream data'!E5+'Stream data'!F5 -> 1.004416
B14: Min. diameter (ft) | C14: Max. diameter (ft) | D14: Min. diameter (ft) | E14: Max. diameter (ft) | F14: Min. diameter (ft) | G14: Max. diameter (ft) | J14: Min. capacity of compressor 1 (hp) | K14: Max. capacity of compressor 1 (hp) | L14: Min. capacity of compressor 2 (hp) | M14: Max. capacity of compressor 2 (hp)
B15: =3.28*10*(B4/PI())^(1/3) -> 0 | C15: =3.28*10*(C4/PI())^(1/3) -> 62.167492 | D15: =3.28*10*(D4/PI())^(1/3) -> 0 | E15: =3.28*10*(E4/PI())^(1/3) -> 46.391639 | J15: =1341*'Design parameters'!L2*K4 -> 6734.6093 | K15: =1341*'Design parameters'!M2*K4 -> 16836.523 | L15: =1341*'Design parameters'!N2*M4 -> 26938.437 | M15: =1341*'Design parameters'!O2*Calculations!M4 -> 67346.093
B25: Min. cost ($ in 2023) | C25: Max. cost ($ in 2023) | D25: Min. cost ($ in 2023) | E25: Max. cost ($ in 2023) | F25: Min. cost ($ in 2023) | G25: Max. cost ($ in 2023) | J25: Min. cost (M$ in 2023) | K25: Max. cost (M$ in 2023) | L25: Min. cost (M$ in 2023) | M25: Max. cost (M$ in 2023)
B26: =(791/115)*(3.18+2.25-1)*690*(B15)^0.78*(B15/3)^0.98 -> 0 | C26: =(791/115)*(3.18+2.25-1)*690*(C15)^0.78*(C15/3)^0.98 -> 10276001 | D26: =(791/115)*(3.18+2.25-1)*690*(D15)^0.78*(D15/3)^0.98 -> 0 | E26: =(791/115)*(3.18+2.25-1)*690*(E15)^0.78*(E15/3)^0.98 -> 6138843 | J26: =(791/115)*2.93*23000*(J15/100)^0.77/1000000 -> 11.854266 | K26: =(791/115)*2.93*23000*(K15/100)^0.77/1000000 -> 24.004267 | L26: =(791/115)*2.93*23000*(L15/100)^0.77/1000000 -> 34.471553 | M26: =(791/115)*2.93*23000*(M15/100)^0.77/1000000 -> 69.80309
B36: Fixed cost ($) | C36: Unit cost ($/t) | D36: Fixed cost ($) | E36: Unit cost ($/t) | F36: Fixed cost ($) | G36: Unit cost ($/t) | J36: Fixed cost ($) | K36: Unit cost ($/t) | L36: Fixed cost ($) | M36: Unit cost ($/t)
B37: =B26-(C26-B26)*'Design parameters'!D2/('Design parameters'!E2-'Design parameters'!D2) -> 0 | C37: =(C26-B26)/('Design parameters'!E2-'Design parameters'!D2) -> 256900.02 | D37: =D26-(E26-D26)*'Design parameters'!F2/('Design parameters'!G2-'Design parameters'!F2) -> 0 | E37: =(E26-D26)/('Design parameters'!G2-'Design parameters'!F2) -> 153471.07 | J37: =J26-(K26-J26)/('Design parameters'!M2-'Design parameters'!L2)*'Design parameters'!L2 -> 3.7542642 | K37: =(K26-J26)/('Design parameters'!M2-'Design parameters'!L2) -> 0.40500007 | L37: =L26-(M26-L26)/('Design parameters'!O2-'Design parameters'!N2)*'Design parameters'!N2 -> 10.917194 | M37: =(M26-L26)/('Design parameters'!O2-'Design parameters'!N2) -> 1.1777179
